{
    "accuracy": 0.8508,
    "precision": 0.7183098591549296,
    "recall": 0.48295454545454547,
    "f1": 0.5775764439411099
}